GROUP,PACKAGE,CLASS,INSTRUCTION_MISSED,INSTRUCTION_COVERED,BRANCH_MISSED,BRANCH_COVERED,LINE_MISSED,LINE_COVERED,COMPLEXITY_MISSED,COMPLEXITY_COVERED,METHOD_MISSED,METHOD_COVERED
GraphHopper Core,com.graphhopper.routing.lm,PerfectApproximator,1,69,1,5,0,13,1,7,0,5
GraphHopper Core,com.graphhopper.routing.lm,LMConfig,30,17,6,0,6,7,6,3,3,3
GraphHopper Core,com.graphhopper.routing.lm,LMPreparationHandler,74,462,12,30,16,102,11,27,0,17
GraphHopper Core,com.graphhopper.routing.lm,LandmarkStorage.new Comparator() {...},0,13,0,0,0,2,0,2,0,2
GraphHopper Core,com.graphhopper.routing.lm,LandmarkStorage.new AbstractAdjustedWeighting() {...},0,28,0,2,0,6,0,4,0,3
GraphHopper Core,com.graphhopper.routing.lm,LMRoutingAlgorithmFactory,50,127,4,6,9,25,3,6,0,4
GraphHopper Core,com.graphhopper.routing.lm,PrepareLandmarks,27,123,2,2,8,32,6,11,4,11
GraphHopper Core,com.graphhopper.routing.lm,LandmarkStorage.LandmarkExplorer,11,188,2,16,2,40,2,16,0,9
GraphHopper Core,com.graphhopper.routing.lm,LMApproximator.new Dijkstra() {...},0,36,0,2,0,6,0,4,0,3
GraphHopper Core,com.graphhopper.routing.lm,LandmarkStorage.LandmarkExplorer.new IntObjectProcedure() {...},0,61,0,2,0,5,0,3,0,2
GraphHopper Core,com.graphhopper.routing.lm,LandmarkStorage.LandmarkExplorer.new IntObjectPredicate() {...},19,38,1,5,4,6,1,4,0,2
GraphHopper Core,com.graphhopper.routing.lm,LandmarkStorage,422,1330,62,124,68,269,54,79,5,35
GraphHopper Core,com.graphhopper.routing.lm,LandmarkSuggestion,119,0,14,0,32,0,11,0,4,0
GraphHopper Core,com.graphhopper.routing.lm,SplitArea,8,40,1,3,1,10,1,4,0,3
GraphHopper Core,com.graphhopper.routing.lm,LMApproximator,9,328,2,22,2,60,2,21,0,11
GraphHopper Core,com.graphhopper.routing,FlexiblePathCalculator,14,152,2,10,2,31,2,12,0,8
GraphHopper Core,com.graphhopper.routing,DirectionResolver.Point,10,40,3,7,1,9,4,5,1,3
GraphHopper Core,com.graphhopper.routing,AlternativeRouteEdgeCH.AlternativeInfo,11,13,0,0,3,5,2,1,2,1
GraphHopper Core,com.graphhopper.routing,AlternativeRouteCH.AlternativeInfo,11,13,0,0,3,5,2,1,2,1
GraphHopper Core,com.graphhopper.routing,Router.LMSolver,9,58,0,4,1,10,0,4,0,2
GraphHopper Core,com.graphhopper.routing,AbstractRoutingAlgorithm,21,109,3,13,4,28,5,15,2,10
GraphHopper Core,com.graphhopper.routing,RoundTripRouting.Result,0,9,0,0,0,3,0,1,0,1
GraphHopper Core,com.graphhopper.routing,DijkstraOneToMany.IntArrayListWithCap,4,3,0,0,1,2,1,1,1,1
GraphHopper Core,com.graphhopper.routing,TestProfiles,3,94,0,0,1,21,1,6,1,6
GraphHopper Core,com.graphhopper.routing,AStar,9,362,4,54,3,72,4,36,0,11
GraphHopper Core,com.graphhopper.routing,InstructionsHelper,3,151,2,34,1,34,3,23,1,7
GraphHopper Core,com.graphhopper.routing,RoundTripRouting.Params,0,43,0,0,0,9,0,2,0,2
GraphHopper Core,com.graphhopper.routing,HeadingResolver,0,75,0,4,0,20,0,5,0,3
GraphHopper Core,com.graphhopper.routing,RouterConfig,4,89,0,0,2,35,1,18,1,18
GraphHopper Core,com.graphhopper.routing,MultiplePointsNotFoundException,9,0,0,0,4,0,2,0,2,0
GraphHopper Core,com.graphhopper.routing,EdgeRestrictions,0,31,0,0,0,11,0,6,0,6
GraphHopper Core,com.graphhopper.routing,AlternativeRoute,21,329,11,25,6,63,10,20,0,12
GraphHopper Core,com.graphhopper.routing,RoundTripRouting,28,220,4,14,7,37,4,9,1,3
GraphHopper Core,com.graphhopper.routing,AlternativeRoute.1.new IntObjectPredicate() {...},0,25,0,2,0,5,0,3,0,2
GraphHopper Core,com.graphhopper.routing,DirectionResolver.AdjacentEdges,0,121,0,14,0,29,0,17,0,10
GraphHopper Core,com.graphhopper.routing,Router.CHSolver,15,113,3,7,3,21,3,7,0,5
GraphHopper Core,com.graphhopper.routing,CHPathCalculator,19,108,3,7,3,25,3,8,0,6
GraphHopper Core,com.graphhopper.routing,DijkstraBidirectionRef,3,24,0,0,1,5,1,4,1,4
GraphHopper Core,com.graphhopper.routing,AbstractNonCHBidirAlgo,36,391,7,59,7,84,9,41,2,15
GraphHopper Core,com.graphhopper.routing,AlternativeRouteEdgeCH.PotentialAlternativeInfo,8,3,0,0,1,1,1,1,1,1
GraphHopper Core,com.graphhopper.routing,InstructionsOutgoingEdges,70,435,20,68,7,80,15,38,0,9
GraphHopper Core,com.graphhopper.routing,AbstractBidirCHAlgo,83,471,22,64,13,101,21,45,5,18
GraphHopper Core,com.graphhopper.routing,AbstractBidirectionEdgeCHNoSOD,14,250,4,48,1,44,4,32,0,10
GraphHopper Core,com.graphhopper.routing,ViaRouting,73,525,12,82,11,92,12,42,1,6
GraphHopper Core,com.graphhopper.routing,SPTEntry,8,53,0,4,1,16,1,9,1,7
GraphHopper Core,com.graphhopper.routing,AlternativeRouteCH.PotentialAlternativeInfo,0,3,0,0,0,1,0,1,0,1
GraphHopper Core,com.graphhopper.routing,AbstractBidirAlgo,77,422,8,58,19,102,15,51,7,26
GraphHopper Core,com.graphhopper.routing,DirectionResolver.Edge,0,12,0,0,0,5,0,1,0,1
GraphHopper Core,com.graphhopper.routing,AlternativeRoute.AlternativeInfo,21,33,0,0,4,11,4,3,4,3
GraphHopper Core,com.graphhopper.routing,InstructionsFromEdges,16,1256,14,142,3,236,14,72,0,8
GraphHopper Core,com.graphhopper.routing,PathExtractor,3,135,1,3,1,32,1,8,0,7
GraphHopper Core,com.graphhopper.routing,AlgorithmOptions,47,63,0,0,7,22,2,11,2,11
GraphHopper Core,com.graphhopper.routing,DijkstraOneToMany,55,451,11,41,15,100,16,22,5,7
GraphHopper Core,com.graphhopper.routing,RoutingAlgorithmFactorySimple,35,151,5,13,5,29,4,8,0,3
GraphHopper Core,com.graphhopper.routing,AlternativeRoute.new IntObjectPredicate() {...},100,459,13,61,10,77,12,32,0,7
GraphHopper Core,com.graphhopper.routing,AStarBidirectionCH,24,82,0,0,6,16,2,7,2,7
GraphHopper Core,com.graphhopper.routing,Router.Solver,71,159,11,15,13,31,9,17,1,12
GraphHopper Core,com.graphhopper.routing,Path,31,299,3,15,8,79,6,33,3,27
GraphHopper Core,com.graphhopper.routing,AStarBidirectionEdgeCHNoSOD,26,120,0,4,7,21,2,15,2,13
GraphHopper Core,com.graphhopper.routing,AlternativeRouteCH,55,604,12,44,11,119,10,34,1,15
GraphHopper Core,com.graphhopper.routing,DefaultWeightingFactory,56,153,10,22,10,34,9,9,0,2
GraphHopper Core,com.graphhopper.routing,DijkstraBidirectionEdgeCHNoSOD,23,22,2,0,6,6,2,5,1,5
GraphHopper Core,com.graphhopper.routing,Dijkstra,0,243,1,27,0,54,1,22,0,9
GraphHopper Core,com.graphhopper.routing,ViaRouting.Result,0,12,0,0,0,4,0,1,0,1
GraphHopper Core,com.graphhopper.routing,AStarBidirection,8,126,0,6,2,21,2,11,2,8
GraphHopper Core,com.graphhopper.routing,DirectionResolver,27,484,12,58,5,88,12,32,0,9
GraphHopper Core,com.graphhopper.routing,DijkstraBidirectionCH,0,75,0,10,0,16,0,10,0,5
GraphHopper Core,com.graphhopper.routing,Router,148,895,23,65,24,162,22,46,0,24
GraphHopper Core,com.graphhopper.routing,DirectionResolverResult,96,154,18,18,15,33,18,21,5,14
GraphHopper Core,com.graphhopper.routing,Path.new Path.EdgeVisitor() {...},0,16,0,0,0,4,0,3,0,3
GraphHopper Core,com.graphhopper.routing,Path.new Path.EdgeVisitor() {...},0,16,0,0,0,4,0,3,0,3
GraphHopper Core,com.graphhopper.routing,RoundTripRouting.RoundTripCalculator,0,59,0,2,0,13,0,3,0,2
GraphHopper Core,com.graphhopper.routing,Path.new Path.EdgeVisitor() {...},0,28,0,2,0,6,0,4,0,3
GraphHopper Core,com.graphhopper.routing,OSMReaderConfig,5,120,0,0,2,43,1,22,1,22
GraphHopper Core,com.graphhopper.routing,AStar.AStarEntry,0,25,0,0,0,7,0,4,0,4
GraphHopper Core,com.graphhopper.routing,Router.FlexSolver,1,189,1,9,1,36,1,10,0,6
GraphHopper Core,com.graphhopper.routing,DijkstraBidirectionCHNoSOD,5,19,0,0,2,4,2,3,2,3
GraphHopper Core,com.graphhopper.routing,AbstractBidirCHAlgo.CHLevelEdgeFilter,0,41,0,6,0,9,0,5,0,2
GraphHopper Core,com.graphhopper.routing,DefaultBidirPathExtractor,9,205,2,10,1,51,2,17,0,13
GraphHopper Core,com.graphhopper.routing,AlternativeRouteEdgeCH,61,708,14,52,12,133,13,39,1,18
GraphHopper Core,com.graphhopper.routing.querygraph,QueryGraph,64,393,9,23,10,77,11,37,5,27
GraphHopper Core,com.graphhopper.routing.querygraph,QueryRoutingCHGraph,28,331,3,17,7,62,5,30,2,23
GraphHopper Core,com.graphhopper.routing.querygraph,QueryRoutingCHGraph.VirtualCHEdgeIterator,31,83,4,4,5,20,4,15,1,14
GraphHopper Core,com.graphhopper.routing.querygraph,VirtualEdgeIteratorState,367,361,36,38,53,74,39,45,19,28
GraphHopper Core,com.graphhopper.routing.querygraph,QueryOverlayBuilder,44,300,8,22,5,62,6,17,0,8
GraphHopper Core,com.graphhopper.routing.querygraph,QueryGraph.new EdgeExplorer() {...},0,52,0,4,0,8,0,4,0,2
GraphHopper Core,com.graphhopper.routing.querygraph,QueryGraph.new IntObjectProcedure() {...},0,46,0,4,0,8,0,4,0,2
GraphHopper Core,com.graphhopper.routing.querygraph,QueryOverlay,0,60,0,0,0,14,0,8,0,8
GraphHopper Core,com.graphhopper.routing.querygraph,QueryOverlayBuilder.1.new Comparator() {...},0,51,0,2,0,9,0,4,0,3
GraphHopper Core,com.graphhopper.routing.querygraph,EdgeChangeBuilder,14,201,2,16,2,44,2,16,0,9
GraphHopper Core,com.graphhopper.routing.querygraph,QueryOverlay.EdgeChanges,0,21,0,0,0,6,0,3,0,3
GraphHopper Core,com.graphhopper.routing.querygraph,QueryOverlayBuilder.new IntObjectPredicate() {...},14,245,4,12,1,42,4,6,0,2
GraphHopper Core,com.graphhopper.routing.querygraph,VirtualEdgeIterator,198,143,5,7,42,31,30,24,27,21
GraphHopper Core,com.graphhopper.routing.querygraph,QueryRoutingCHGraph.VirtualCHEdgeIteratorState,16,73,0,4,1,22,1,13,1,11
GraphHopper Core,com.graphhopper.routing.querygraph,QueryRoutingCHGraph.new IntObjectProcedure() {...},4,135,2,10,0,21,2,7,0,3
GraphHopper Core,com.graphhopper.routing.querygraph,QueryRoutingCHGraph.new RoutingCHEdgeExplorer() {...},0,59,0,4,0,10,0,4,0,2
GraphHopper Core,com.graphhopper.routing.querygraph,EdgeChangeBuilder.new IntProcedure() {...},0,11,0,0,0,3,0,2,0,2
GraphHopper Core,com.graphhopper.reader.osm.pbf,PbfRawBlob,0,15,0,0,0,6,0,3,0,3
GraphHopper Core,com.graphhopper.reader.osm.pbf,PbfFieldDecoder,9,73,0,2,1,13,1,5,1,4
GraphHopper Core,com.graphhopper.reader.osm.pbf,PbfReader,11,57,1,1,3,16,1,3,0,3
GraphHopper Core,com.graphhopper.reader.osm.pbf,PbfBlobDecoder,88,534,12,40,19,131,11,28,0,13
GraphHopper Core,com.graphhopper.reader.osm.pbf,PbfDecoder.new PbfBlobDecoderListener() {...},16,25,0,0,5,6,1,2,1,2
GraphHopper Core,com.graphhopper.reader.osm.pbf,PbfBlobResult,13,34,0,0,5,12,2,5,2,5
GraphHopper Core,com.graphhopper.reader.osm.pbf,PbfStreamSplitter,32,109,5,7,7,36,6,9,1,8
GraphHopper Core,com.graphhopper.reader.osm.pbf,PbfDecoder,14,143,1,9,3,42,1,10,0,6
GraphHopper Core,com.graphhopper.routing.weighting.custom,CustomModelParser.new DeepCopier() {...},0,61,4,8,0,10,4,4,0,2
GraphHopper Core,com.graphhopper.routing.weighting.custom,CustomModelParser.new LinkedHashMap() {...},2,12,1,1,0,2,1,2,0,2
GraphHopper Core,com.graphhopper.routing.weighting.custom,CustomWeightingHelper,53,133,5,17,9,30,9,12,4,6
GraphHopper Core,com.graphhopper.routing.weighting.custom,FindMinMax,60,230,13,27,12,38,12,13,1,4
GraphHopper Core,com.graphhopper.routing.weighting.custom,ValueExpressionVisitor,115,648,18,72,22,128,20,39,3,11
GraphHopper Core,com.graphhopper.routing.weighting.custom,ConditionalExpressionVisitor,19,520,8,62,5,86,11,32,3,5
GraphHopper Core,com.graphhopper.routing.weighting.custom,CustomWeighting2,115,0,12,0,22,0,14,0,8,0
GraphHopper Core,com.graphhopper.routing.weighting.custom,ConditionalExpressionVisitor.Replacement,0,12,0,0,0,5,0,1,0,1
GraphHopper Core,com.graphhopper.routing.weighting.custom,CustomWeighting,21,161,4,14,3,31,4,14,0,9
GraphHopper Core,com.graphhopper.routing.weighting.custom,ParseResult,0,3,0,0,0,1,0,1,0,1
GraphHopper Core,com.graphhopper.routing.weighting.custom,CustomWeighting.Parameters,0,39,0,0,0,14,0,7,0,7
GraphHopper Core,com.graphhopper.routing.weighting.custom,CustomModelParser,234,1112,41,105,44,213,39,57,1,22
GraphHopper Core,com.graphhopper.search,KVStorage,180,1422,45,171,23,248,36,95,0,23
GraphHopper Core,com.graphhopper.search,KVStorage.KValue,49,129,10,26,4,22,10,15,1,6
GraphHopper Core,com.graphhopper.isochrone.algorithm,ReadableTriangulation,0,10,0,0,0,2,0,2,0,2
GraphHopper Core,com.graphhopper.isochrone.algorithm,ReadableQuadEdge,0,5,0,0,0,1,0,1,0,1
GraphHopper Core,com.graphhopper.isochrone.algorithm,JTSTriangulator,176,0,16,0,40,0,11,0,3,0
GraphHopper Core,com.graphhopper.isochrone.algorithm,Triangulation,38,249,6,24,8,50,7,19,2,9
GraphHopper Core,com.graphhopper.isochrone.algorithm,ShortestPathTree.IsoLabel,12,24,0,0,1,9,1,1,1,1
GraphHopper Core,com.graphhopper.isochrone.algorithm,Triangulator.Result,9,0,0,0,4,0,1,0,1,0
GraphHopper Core,com.graphhopper.isochrone.algorithm,TriangulationAsReadableTriangulation,14,17,2,0,2,5,2,3,1,3
GraphHopper Core,com.graphhopper.isochrone.algorithm,ContourBuilder,96,366,14,48,11,68,14,25,2,6
GraphHopper Core,com.graphhopper.isochrone.algorithm,ShortestPathTree,30,381,2,38,7,73,6,30,4,12
GraphHopper Core,com.graphhopper.isochrone.algorithm,ShortestPathTree.ExploreType,0,21,0,0,0,1,0,1,0,1
GraphHopper Core,com.graphhopper.isochrone.algorithm,QuadEdgeAsReadableQuadEdge,8,93,4,4,1,18,4,12,0,12
GraphHopper Core,com.graphhopper.isochrone.algorithm,QuadEdgeSubdivisionAsReadableTriangulation,8,18,0,0,2,5,2,2,2,2
GraphHopper Core,com.graphhopper.routing.subnetwork,EdgeBasedTarjanSCC.TarjanArrayIntIntMap,0,43,0,2,0,10,0,6,0,5
GraphHopper Core,com.graphhopper.routing.subnetwork,SubnetworkStorage,14,47,1,1,3,15,3,7,2,7
GraphHopper Core,com.graphhopper.routing.subnetwork,EdgeBasedTarjanSCC.ConnectedComponents,5,44,1,1,1,11,1,6,0,6
GraphHopper Core,com.graphhopper.routing.subnetwork,TarjanSCC,41,610,15,66,2,122,15,42,0,15
GraphHopper Core,com.graphhopper.routing.subnetwork,TarjanSCC.State,0,27,0,0,0,5,0,1,0,1
GraphHopper Core,com.graphhopper.routing.subnetwork,EdgeBasedTarjanSCC.TarjanArrayIntSet,5,34,1,1,1,9,1,4,0,4
GraphHopper Core,com.graphhopper.routing.subnetwork,EdgeBasedTarjanSCC,32,740,14,73,1,171,14,54,0,23
GraphHopper Core,com.graphhopper.routing.subnetwork,TarjanSCC.ConnectedComponents,5,44,1,1,1,11,1,6,0,6
GraphHopper Core,com.graphhopper.routing.subnetwork,PrepareRoutingSubnetworks,22,388,4,22,2,75,3,20,0,10
GraphHopper Core,com.graphhopper.routing.subnetwork,EdgeBasedTarjanSCC.State,0,27,0,0,0,5,0,1,0,1
GraphHopper Core,com.graphhopper.routing.subnetwork,EdgeBasedTarjanSCC.TarjanHashIntIntMap,0,40,0,0,0,9,0,5,0,5
GraphHopper Core,com.graphhopper.routing.subnetwork,EdgeBasedTarjanSCC.TarjanHashIntSet,0,26,0,0,0,8,0,4,0,4
GraphHopper Core,com.graphhopper.routing.subnetwork,PrepareRoutingSubnetworks.PrepareJob,0,17,0,0,0,5,0,2,0,2
GraphHopper Core,com.graphhopper.reader,ReaderElement,49,252,4,34,11,63,4,36,2,19
GraphHopper Core,com.graphhopper.reader,ReaderWay,9,14,0,0,1,4,1,2,1,2
GraphHopper Core,com.graphhopper.reader,ReaderElement.Type,0,27,0,0,0,5,0,1,0,1
GraphHopper Core,com.graphhopper.reader,ReaderRelation,14,53,4,8,2,14,4,7,1,4
GraphHopper Core,com.graphhopper.reader,ReaderRelation.Member,7,21,0,0,1,8,1,4,1,4
GraphHopper Core,com.graphhopper.reader,ReaderNode,46,29,2,0,11,10,2,4,1,4
GraphHopper Core,com.graphhopper,GraphHopper,1220,3431,157,275,227,682,146,212,24,118
GraphHopper Core,com.graphhopper,GraphHopperConfig,203,112,8,0,33,29,12,16,8,16
GraphHopper Core,com.graphhopper.apache.commons.collections,IntFloatBinaryHeap,24,360,3,29,6,76,5,28,2,15
GraphHopper Core,com.graphhopper.config,Profile,43,179,10,6,8,43,9,20,2,19
GraphHopper Core,com.graphhopper.config,CHProfile,46,18,6,0,11,8,8,3,5,3
GraphHopper Core,com.graphhopper.config,LMProfile,54,59,2,4,10,20,5,9,3,8
GraphHopper Core,com.graphhopper.reader.osm.conditional,DateRangeParser,22,299,5,13,7,64,5,13,0,9
GraphHopper Core,com.graphhopper.reader.osm.conditional,ParsedCalendar,0,143,0,14,0,22,0,14,0,7
GraphHopper Core,com.graphhopper.reader.osm.conditional,DateRange,15,356,7,75,4,60,7,39,0,5
GraphHopper Core,com.graphhopper.reader.osm.conditional,ParsedCalendar.ParseType,0,33,0,0,0,6,0,1,0,1
GraphHopper Core,com.graphhopper.reader.osm.conditional,ConditionalValueParser.ConditionState,5,47,1,1,1,11,1,4,0,4
GraphHopper Core,com.graphhopper.routing.util.tour,SinglePointTour,0,20,0,0,0,5,0,4,0,4
GraphHopper Core,com.graphhopper.routing.util.tour,TourStrategy,0,28,0,2,0,8,0,3,0,2
GraphHopper Core,com.graphhopper.routing.util.tour,MultiPointTour,26,35,2,2,4,9,3,4,1,4
GraphHopper Core,com.graphhopper.routing.util.countryrules.europe,AustriaCountryRule,6,27,3,5,3,8,3,4,0,2
GraphHopper Core,com.graphhopper.routing.util.countryrules.europe,GermanyCountryRule,2,29,1,6,1,9,1,5,0,2
GraphHopper Core,com.graphhopper.routing.util.countryrules.europe,HungaryCountryRule,0,30,1,7,0,9,1,5,0,2
GraphHopper Core,com.graphhopper.apache.commons.lang3,StringUtils,3,122,0,18,1,27,1,10,1,1
GraphHopper Core,com.graphhopper.routing.util.parsers.helpers,OSMValueExtractor,18,407,20,56,7,85,20,25,0,7
GraphHopper Core,com.graphhopper.util.details,KVStringDetails,0,51,0,8,0,16,0,7,0,3
GraphHopper Core,com.graphhopper.util.details,IntDetails,31,0,4,0,9,0,5,0,3,0
GraphHopper Core,com.graphhopper.util.details,EdgeIdDetails,5,24,1,1,1,8,1,4,0,4
GraphHopper Core,com.graphhopper.util.details,BooleanDetails,31,0,4,0,9,0,5,0,3,0
GraphHopper Core,com.graphhopper.util.details,EdgeKeyDetails,0,32,0,4,0,10,0,5,0,3
GraphHopper Core,com.graphhopper.util.details,AbstractPathDetailsBuilder,14,62,1,3,2,18,2,6,1,5
GraphHopper Core,com.graphhopper.util.details,TimeDetails,0,32,0,0,0,9,0,3,0,3
GraphHopper Core,com.graphhopper.util.details,DecimalDetails,0,70,0,8,0,15,0,8,0,4
GraphHopper Core,com.graphhopper.util.details,WeightDetails,36,0,2,0,10,0,4,0,3,0
GraphHopper Core,com.graphhopper.util.details,IntersectionValues,90,68,8,6,16,13,5,7,1,4
GraphHopper Core,com.graphhopper.util.details,PathDetailsFromEdges,19,145,5,15,3,31,5,10,0,5
GraphHopper Core,com.graphhopper.util.details,StringDetails,27,0,2,0,9,0,4,0,3,0
GraphHopper Core,com.graphhopper.util.details,EnumDetails,2,25,1,1,1,8,1,3,0,3
GraphHopper Core,com.graphhopper.util.details,IntersectionDetails,7,170,3,11,2,36,3,10,0,6
GraphHopper Core,com.graphhopper.util.details,PathDetailsBuilderFactory,104,229,13,39,12,45,11,17,0,2
GraphHopper Core,com.graphhopper.util.details,AverageSpeedDetails,0,91,1,9,0,20,1,8,0,4
GraphHopper Core,com.graphhopper.util.details,DistanceDetails,0,17,0,0,0,6,0,3,0,3
GraphHopper Core,com.graphhopper.util.details,ConstantDetailsBuilder,2,62,1,3,1,18,1,6,0,5
GraphHopper Core,com.graphhopper.geohash,SpatialKeyAlgo,46,3300,3,5,5,30,6,10,3,9
GraphHopper Core,com.graphhopper.routing.weighting,TurnCostProvider.new TurnCostProvider() {...},0,7,0,0,0,3,0,3,0,3
GraphHopper Core,com.graphhopper.routing.weighting,Weighting,2,9,2,2,1,2,2,1,0,1
GraphHopper Core,com.graphhopper.routing.weighting,TurnCostProvider,0,5,0,0,0,1,0,1,0,1
GraphHopper Core,com.graphhopper.routing.weighting,QueryGraphWeighting,7,291,0,30,2,58,2,31,2,16
GraphHopper Core,com.graphhopper.routing.weighting,BalancedWeightApproximator,8,69,1,3,2,16,2,6,1,5
GraphHopper Core,com.graphhopper.routing.weighting,BeelineWeightApproximator,0,90,0,0,0,22,0,8,0,8
GraphHopper Core,com.graphhopper.routing.weighting,SpeedWeighting.new TurnCostProvider() {...},0,56,0,6,0,7,0,6,0,3
GraphHopper Core,com.graphhopper.routing.weighting,QueryGraphWeighting.Result,0,12,0,0,0,4,0,1,0,1
GraphHopper Core,com.graphhopper.routing.weighting,AvoidEdgesWeighting,2,41,0,2,1,12,1,5,1,4
GraphHopper Core,com.graphhopper.routing.weighting,DefaultTurnCostProvider,58,293,15,47,12,53,16,20,1,4
GraphHopper Core,com.graphhopper.routing.weighting,AbstractAdjustedWeighting,11,43,1,1,2,10,2,7,1,7
GraphHopper Core,com.graphhopper.routing.weighting,SpeedWeighting,10,98,3,9,1,21,3,13,0,10
GraphHopper Core,com.graphhopper.storage,BaseGraph.EdgeIteratorStateImpl,230,548,30,40,30,100,29,53,9,38
GraphHopper Core,com.graphhopper.storage,Graph,0,4,0,0,0,1,0,1,0,1
GraphHopper Core,com.graphhopper.storage,MMapDirectory,8,5,0,0,2,2,1,1,1,1
GraphHopper Core,com.graphhopper.storage,DAType.MemRef,0,15,0,0,0,2,0,1,0,1
GraphHopper Core,com.graphhopper.storage,TurnCostStorage.new EdgeIntAccess() {...},0,29,0,0,0,4,0,3,0,3
GraphHopper Core,com.graphhopper.storage,SimpleFSLockFactory.SimpleLock,44,47,7,5,9,12,8,5,2,5
GraphHopper Core,com.graphhopper.storage,DAType,76,169,14,20,17,41,14,16,2,11
GraphHopper Core,com.graphhopper.storage,RAMDataAccess,129,828,17,59,15,143,18,40,1,19
GraphHopper Core,com.graphhopper.storage,VLongStorage,87,200,14,12,22,49,12,14,2,11
GraphHopper Core,com.graphhopper.storage,CHConfig,26,51,6,2,5,14,5,10,2,9
GraphHopper Core,com.graphhopper.storage,BaseGraph,131,1101,26,109,30,258,28,97,4,52
GraphHopper Core,com.graphhopper.storage,BaseGraph.Builder,5,77,0,0,2,23,1,8,1,8
GraphHopper Core,com.graphhopper.storage,SimpleFSLockFactory,18,35,5,3,4,11,5,4,1,4
GraphHopper Core,com.graphhopper.storage,AbstractDataAccess,40,184,6,12,9,46,9,16,4,12
GraphHopper Core,com.graphhopper.storage,CHStorageBuilder,42,224,6,20,5,43,6,18,0,11
GraphHopper Core,com.graphhopper.storage,NativeFSLockFactory,49,54,5,5,11,15,5,6,1,5
GraphHopper Core,com.graphhopper.storage,MMapDataAccess,163,858,23,53,38,168,20,42,1,23
GraphHopper Core,com.graphhopper.storage,CHEdgeFilter,0,5,0,0,0,1,0,2,0,2
GraphHopper Core,com.graphhopper.storage,GHNodeAccess,20,123,3,7,5,23,4,11,1,9
GraphHopper Core,com.graphhopper.storage,BaseGraph.AllEdgeIterator,57,48,6,2,13,11,4,4,1,3
GraphHopper Core,com.graphhopper.storage,RoutingCHGraphImpl,8,119,2,6,1,25,2,17,0,15
GraphHopper Core,com.graphhopper.storage,BaseGraph.EdgeIteratorImpl,18,125,2,16,1,25,2,13,0,6
GraphHopper Core,com.graphhopper.storage,RAMIntDataAccess,129,543,12,46,23,105,19,33,7,16
GraphHopper Core,com.graphhopper.storage,ExtendedNodeAccess,30,75,2,8,8,16,6,10,5,6
GraphHopper Core,com.graphhopper.storage,GHDirectory,75,380,12,44,18,74,13,35,3,17
GraphHopper Core,com.graphhopper.storage,RoutingCHEdgeIteratorStateImpl,16,238,4,32,2,49,4,30,0,16
GraphHopper Core,com.graphhopper.storage,CHStorage,415,769,32,40,54,137,30,49,5,38
GraphHopper Core,com.graphhopper.storage,RAMDirectory,0,19,0,2,0,6,0,4,0,3
GraphHopper Core,com.graphhopper.storage,CHStorage.LowWeightShortcut,18,0,0,0,7,0,1,0,1,0
GraphHopper Core,com.graphhopper.storage,IntsRef,222,148,30,18,45,35,25,11,4,8
GraphHopper Core,com.graphhopper.storage,TurnCostStorage.Itr,20,148,0,14,2,30,1,16,1,9
GraphHopper Core,com.graphhopper.storage,RoutingCHEdgeIteratorImpl,18,218,4,32,1,32,4,23,1,8
GraphHopper Core,com.graphhopper.storage,StorableProperties,60,340,11,25,16,73,16,21,5,14
GraphHopper Core,com.graphhopper.storage,NativeFSLockFactory.NativeLock,53,154,4,22,15,45,5,16,1,7
GraphHopper Core,com.graphhopper.storage,TurnCostStorage,57,525,9,33,9,107,10,33,1,21
GraphHopper Core,com.graphhopper.storage,BaseGraphNodesAndEdges,339,1563,28,102,35,286,24,97,2,54
GraphHopper Core,com.graphhopper.storage.index,LineIntIndex,35,780,9,79,9,144,11,53,2,18
GraphHopper Core,com.graphhopper.storage.index,Snap.Position,0,21,0,0,0,2,0,1,0,1
GraphHopper Core,com.graphhopper.storage.index,InMemConstructionIndex.InMemTreeEntry,2,20,0,0,1,7,1,4,1,4
GraphHopper Core,com.graphhopper.storage.index,PixelGridTraversal,0,222,0,18,0,29,0,11,0,2
GraphHopper Core,com.graphhopper.storage.index,InMemConstructionIndex.InMemLeafEntry,4,8,0,0,1,4,1,3,1,3
GraphHopper Core,com.graphhopper.storage.index,LineIntIndex.new LocationIndex.Visitor() {...},6,26,0,2,2,5,1,4,1,3
GraphHopper Core,com.graphhopper.storage.index,LocationIndex,2,13,1,1,0,3,1,2,0,2
GraphHopper Core,com.graphhopper.storage.index,LocationIndexTree,46,742,5,49,11,163,7,40,2,18
GraphHopper Core,com.graphhopper.storage.index,IndexStructureInfo,34,248,5,15,7,52,6,15,1,10
GraphHopper Core,com.graphhopper.storage.index,LocationIndex.new LocationIndex.TileFilter() {...},0,16,0,0,0,3,0,3,0,3
GraphHopper Core,com.graphhopper.storage.index,InMemConstructionIndex,0,157,0,12,0,32,0,11,0,5
GraphHopper Core,com.graphhopper.storage.index,Snap,75,281,6,24,9,55,6,28,1,18
GraphHopper Core,com.graphhopper.storage.index,LocationIndex.Visitor,1,2,0,0,1,1,1,1,1,1
GraphHopper Core,com.graphhopper.util.shapes,BBox,197,565,23,79,25,104,23,56,6,22
GraphHopper Core,com.graphhopper.util.shapes,Circle,125,374,25,49,16,53,26,25,6,8
GraphHopper Core,com.graphhopper.util.shapes,Polygon,48,123,2,4,8,23,8,8,6,7
GraphHopper Core,com.graphhopper.debatty.java.stringsimilarity,JaroWinkler,15,270,1,29,5,50,3,18,2,4
GraphHopper Core,com.graphhopper.util,GitInfo,47,18,0,0,6,7,6,1,6,1
GraphHopper Core,com.graphhopper.util,MiniPerfTest,176,0,12,0,37,0,17,0,11,0
GraphHopper Core,com.graphhopper.util,GHUtility,764,1118,126,120,128,226,90,84,10,41
GraphHopper Core,com.graphhopper.util,RamerDouglasPeucker,17,301,6,32,4,67,6,22,0,9
GraphHopper Core,com.graphhopper.util,BitUtil,36,584,1,27,11,105,6,47,5,34
GraphHopper Core,com.graphhopper.util,DistanceCalcEarth,36,852,9,35,4,145,10,35,2,21
GraphHopper Core,com.graphhopper.util,DistanceCalc3D,26,0,0,0,5,0,3,0,3,0
GraphHopper Core,com.graphhopper.util,AngleCalc,51,242,14,26,13,45,11,19,0,10
GraphHopper Core,com.graphhopper.util,DepthFirstSearch,0,50,2,8,0,16,2,5,0,2
GraphHopper Core,com.graphhopper.util,EdgeIteratorState,0,9,0,0,0,2,0,1,0,1
GraphHopper Core,com.graphhopper.util,SimpleIntDeque,45,125,5,7,11,25,6,10,3,7
GraphHopper Core,com.graphhopper.util,BodyAndStatus,15,0,0,0,6,0,3,0,3,0
GraphHopper Core,com.graphhopper.util,TranslationMap,127,425,10,26,25,48,10,18,2,8
GraphHopper Core,com.graphhopper.util,PathSimplification.Interval,6,9,0,0,1,4,1,1,1,1
GraphHopper Core,com.graphhopper.util,Downloader,208,20,16,0,45,8,18,2,10,2
GraphHopper Core,com.graphhopper.util,EdgeIteratorState.new BooleanEncodedValue() {...},14,5,0,0,4,2,4,2,4,2
GraphHopper Core,com.graphhopper.util,EdgeIteratorState.new BooleanEncodedValue() {...},14,5,0,0,4,2,4,2,4,2
GraphHopper Core,com.graphhopper.util,EdgeIterator.Edge,3,6,0,2,1,1,1,2,1,1
GraphHopper Core,com.graphhopper.util,BreadthFirstSearch,1,53,1,9,1,17,1,6,0,2
GraphHopper Core,com.graphhopper.util,Constants,79,168,16,8,22,39,14,2,2,2
GraphHopper Core,com.graphhopper.util,DistanceCalcEuclidean,64,142,0,2,13,21,9,8,9,7
GraphHopper Core,com.graphhopper.util,XFirstSearch,0,7,0,0,0,3,0,3,0,3
GraphHopper Core,com.graphhopper.util,TranslationMap.TranslationHashMap,36,109,6,14,10,27,8,11,2,7
GraphHopper Core,com.graphhopper.util,ArrayUtil,44,500,7,51,9,100,8,42,2,19
GraphHopper Core,com.graphhopper.util,PathSimplification.new PathSimplification.Partition() {...},0,30,0,0,0,7,0,4,0,4
GraphHopper Core,com.graphhopper.util,PathSimplification.new PathSimplification.Partition() {...},5,43,1,5,1,9,1,6,0,4
GraphHopper Core,com.graphhopper.util,PathSimplification.new PathSimplification.Partition() {...},0,39,0,0,0,6,0,4,0,4
GraphHopper Core,com.graphhopper.util,FetchMode,0,33,0,0,0,2,0,1,0,1
GraphHopper Core,com.graphhopper.util,StopWatch,81,171,8,14,12,30,9,17,3,12
GraphHopper Core,com.graphhopper.util,PathMerger,12,510,14,64,2,116,12,38,0,11
GraphHopper Core,com.graphhopper.util,Unzipper,26,141,7,15,7,32,8,8,1,4
GraphHopper Core,com.graphhopper.util,DistancePlaneProjection,2,88,0,2,1,14,1,8,1,7
GraphHopper Core,com.graphhopper.util,PathSimplification,56,553,7,51,9,104,7,30,0,8
GraphHopper Core,com.graphhopper.util,Instructions,8,124,5,19,4,30,6,8,1,1
GraphHopper Core,com.graphhopper.routing.ch,CHRoutingAlgorithmFactory,35,144,8,18,6,34,5,14,0,6
GraphHopper Core,com.graphhopper.routing.ch,NodeOrderingProvider,0,10,0,0,0,2,0,2,0,2
GraphHopper Core,com.graphhopper.routing.ch,CHPreparationGraph.OrigEdgeIteratorImpl,20,88,0,8,3,19,3,10,3,6
GraphHopper Core,com.graphhopper.routing.ch,CHPreparationGraph.OrigGraph,0,24,0,0,0,7,0,3,0,3
GraphHopper Core,com.graphhopper.routing.ch,CHPreparationHandler,26,264,5,15,6,59,6,19,1,14
GraphHopper Core,com.graphhopper.routing.ch,PrepareContractionHierarchies.Result,12,33,0,0,4,12,4,4,4,4
GraphHopper Core,com.graphhopper.routing.ch,CHPreparationGraph.PrepareBaseEdge,60,117,4,12,11,36,11,20,7,16
GraphHopper Core,com.graphhopper.routing.ch,CHPreparationGraph.EdgeBasedPrepareShortcut,12,28,0,0,1,8,1,5,1,5
GraphHopper Core,com.graphhopper.routing.ch,AStarCHEntry,4,23,0,0,1,6,1,3,1,3
GraphHopper Core,com.graphhopper.routing.ch,EdgeBasedWitnessPathSearcher.Stats,0,106,0,2,0,13,0,4,0,3
GraphHopper Core,com.graphhopper.routing.ch,BridgePathFinder.BridePathEntry,7,9,0,0,1,4,1,1,1,1
GraphHopper Core,com.graphhopper.routing.ch,CHPreparationGraph.PrepareGraphEdgeExplorerImpl,6,175,2,20,0,37,2,28,0,19
GraphHopper Core,com.graphhopper.routing.ch,CHPreparationGraph,55,634,10,60,12,157,11,53,1,28
GraphHopper Core,com.graphhopper.routing.ch,CHPreparationGraph.OrigGraph.Builder,0,191,1,11,0,41,1,10,0,5
GraphHopper Core,com.graphhopper.routing.ch,EdgeBasedWitnessPathSearcher,1,571,1,61,1,110,1,44,0,14
GraphHopper Core,com.graphhopper.routing.ch,EdgeBasedNodeContractor,97,1011,8,58,17,204,8,49,0,24
GraphHopper Core,com.graphhopper.routing.ch,EdgeBasedCHBidirPathExtractor,0,91,0,6,0,19,0,9,0,6
GraphHopper Core,com.graphhopper.routing.ch,NodeBasedNodeContractor.Params,0,15,0,0,0,5,0,1,0,1
GraphHopper Core,com.graphhopper.routing.ch,NodeBasedCHBidirPathExtractor,0,63,0,2,0,13,0,5,0,4
GraphHopper Core,com.graphhopper.routing.ch,PrepareCHEntry,10,42,0,4,1,12,1,5,1,3
GraphHopper Core,com.graphhopper.routing.ch,NodeBasedNodeContractor.Shortcut,24,27,2,0,4,10,2,1,1,1
GraphHopper Core,com.graphhopper.routing.ch,ShortcutUnpacker,60,234,7,21,3,52,6,18,0,10
GraphHopper Core,com.graphhopper.routing.ch,OnFlyStatisticsCalculator,13,50,0,0,5,9,2,4,2,4
GraphHopper Core,com.graphhopper.routing.ch,NodeBasedNodeContractor,8,632,4,48,3,130,4,38,0,16
GraphHopper Core,com.graphhopper.routing.ch,PrepareContractionHierarchies,79,1058,19,59,17,210,21,45,3,24
GraphHopper Core,com.graphhopper.routing.ch,PrepareContractionHierarchies.Params,6,112,2,4,1,36,2,16,0,15
GraphHopper Core,com.graphhopper.routing.ch,NodeOrderingProvider.new NodeOrderingProvider() {...},0,15,0,0,0,3,0,3,0,3
GraphHopper Core,com.graphhopper.routing.ch,NodeOrderingProvider.new NodeOrderingProvider() {...},0,11,0,0,0,3,0,3,0,3
GraphHopper Core,com.graphhopper.routing.ch,CHEntry,10,18,0,0,2,5,2,2,2,2
GraphHopper Core,com.graphhopper.routing.ch,CHPreparationGraph.PrepareShortcut,27,90,1,1,5,34,6,19,5,19
GraphHopper Core,com.graphhopper.routing.ch,NodeBasedWitnessPathSearcher,1,227,1,21,1,50,1,16,0,6
GraphHopper Core,com.graphhopper.routing.ch,EdgeBasedNodeContractor.Stats,0,28,0,0,0,4,0,2,0,2
GraphHopper Core,com.graphhopper.routing.ch,PrepareEncoder,3,6,0,0,1,3,1,3,1,3
GraphHopper Core,com.graphhopper.routing.ch,BridgePathFinder,0,316,0,24,0,67,0,14,0,2
GraphHopper Core,com.graphhopper.routing.ch,EdgeBasedNodeContractor.Params,0,18,0,0,0,6,0,1,0,1
GraphHopper Core,com.graphhopper.coll,MinHeapWithUpdate,18,416,4,36,1,88,4,30,0,14
GraphHopper Core,com.graphhopper.coll,GHIntHashSet,15,30,0,0,5,9,2,4,2,4
GraphHopper Core,com.graphhopper.coll,GHLongLongBTree.BTreeEntry,150,621,29,43,28,93,19,29,3,9
GraphHopper Core,com.graphhopper.coll,GHIntLongHashMap,18,6,0,0,6,2,3,1,3,1
GraphHopper Core,com.graphhopper.coll,GHBitSetImpl,24,34,3,1,6,13,4,7,2,7
GraphHopper Core,com.graphhopper.coll,GHLongObjectHashMap,24,0,0,0,8,0,4,0,4,0
GraphHopper Core,com.graphhopper.coll,GHLongLongBTree,67,581,11,63,9,88,14,42,3,16
GraphHopper Core,com.graphhopper.coll,GHIntObjectHashMap,12,16,0,0,4,5,2,3,2,3
GraphHopper Core,com.graphhopper.coll,GHLongHashSet,24,0,0,0,8,0,4,0,4,0
GraphHopper Core,com.graphhopper.coll,GHLongLongBTree.ReturnValue,0,6,0,0,0,3,0,1,0,1
GraphHopper Core,com.graphhopper.coll,GHObjectIntHashMap,33,0,0,0,11,0,5,0,5,0
GraphHopper Core,com.graphhopper.coll,GHSortedCollection,118,170,21,13,26,40,20,9,3,9
GraphHopper Core,com.graphhopper.coll,GHLongLongHashMap,18,6,0,0,6,2,3,1,3,1
GraphHopper Core,com.graphhopper.coll,GHTBitSet,35,48,3,1,10,15,6,7,4,7
GraphHopper Core,com.graphhopper.coll,MapEntry,86,20,20,0,15,8,13,4,3,4
GraphHopper Core,com.graphhopper.routing.util.countryrules,CountryRuleFactory,0,42,0,0,0,8,0,3,0,3
GraphHopper Core,com.graphhopper.routing.util.countryrules,CountryRule,4,0,0,0,2,0,2,0,2,0
GraphHopper Core,com.graphhopper.routing.ev,Curvature,3,11,0,0,1,1,1,1,1,1
GraphHopper Core,com.graphhopper.routing.ev,DefaultImportRegistry,464,1045,33,105,70,168,75,110,44,72
GraphHopper Core,com.graphhopper.routing.ev,HikeRating,3,7,0,0,1,1,1,1,1,1
GraphHopper Core,com.graphhopper.routing.ev,Crossing,13,59,0,2,4,12,2,3,2,2
GraphHopper Core,com.graphhopper.routing.ev,AverageSlope,3,11,0,0,1,1,1,1,1,1
GraphHopper Core,com.graphhopper.routing.ev,RoadEnvironment,9,51,1,1,4,5,2,3,1,3
GraphHopper Core,com.graphhopper.routing.ev,MtbNetwork,3,4,0,0,1,1,1,1,1,1
GraphHopper Core,com.graphhopper.routing.ev,Subnetwork,9,13,1,1,2,3,2,2,1,2
GraphHopper Core,com.graphhopper.routing.ev,EnumEncodedValue,0,79,0,0,0,17,0,7,0,7
GraphHopper Core,com.graphhopper.routing.ev,Lanes,3,7,0,0,1,1,1,1,1,1
GraphHopper Core,com.graphhopper.routing.ev,MaxHeight,3,11,0,0,1,1,1,1,1,1
GraphHopper Core,com.graphhopper.routing.ev,OSMWayID,10,0,0,0,2,0,2,0,2,0
GraphHopper Core,com.graphhopper.routing.ev,BikeRoadAccess,8,77,4,4,3,8,5,3,1,3
GraphHopper Core,com.graphhopper.routing.ev,IntEncodedValueImpl,66,458,13,67,8,101,14,44,1,17
GraphHopper Core,com.graphhopper.routing.ev,HovAccess,9,0,0,0,2,0,2,0,2,0
GraphHopper Core,com.graphhopper.routing.ev,ImportUnitSorter,6,105,1,9,1,23,1,7,0,3
GraphHopper Core,com.graphhopper.routing.ev,FerrySpeed,3,8,0,0,1,1,1,1,1,1
GraphHopper Core,com.graphhopper.routing.ev,TrackType,4,57,0,2,1,8,1,4,1,3
GraphHopper Core,com.graphhopper.routing.ev,DecimalEncodedValueImpl,31,269,5,37,4,46,5,26,0,10
GraphHopper Core,com.graphhopper.routing.ev,SimpleBooleanEncodedValue,0,49,0,4,0,9,0,7,0,5
GraphHopper Core,com.graphhopper.routing.ev,RoadClassLink,3,5,0,0,1,1,1,1,1,1
GraphHopper Core,com.graphhopper.routing.ev,CarTemporalAccess,4,50,0,0,1,4,1,2,1,2
GraphHopper Core,com.graphhopper.routing.ev,HazmatTunnel,0,39,0,0,0,7,0,2,0,2
GraphHopper Core,com.graphhopper.routing.ev,GetOffBike,3,6,0,0,1,1,1,1,1,1
GraphHopper Core,com.graphhopper.routing.ev,BikeTemporalAccess,50,0,0,0,5,0,3,0,3,0
GraphHopper Core,com.graphhopper.routing.ev,VehicleAccess,3,11,0,0,1,2,1,2,1,2
GraphHopper Core,com.graphhopper.routing.ev,FootRoadAccess,8,71,4,4,3,8,5,3,1,3
GraphHopper Core,com.graphhopper.routing.ev,VehicleSpeed,3,13,0,0,1,2,1,2,1,2
GraphHopper Core,com.graphhopper.routing.ev,MaxWidth,3,11,0,0,1,1,1,1,1,1
GraphHopper Core,com.graphhopper.routing.ev,MtbRating,3,7,0,0,1,1,1,1,1,1
GraphHopper Core,com.graphhopper.routing.ev,HazmatWater,4,27,0,0,1,3,1,2,1,2
GraphHopper Core,com.graphhopper.routing.ev,MaxWeightExcept,11,50,4,4,5,6,5,3,1,3
GraphHopper Core,com.graphhopper.routing.ev,ImportUnit,0,40,0,0,0,11,0,6,0,6
GraphHopper Core,com.graphhopper.routing.ev,MaxAxleLoad,3,11,0,0,1,1,1,1,1,1
GraphHopper Core,com.graphhopper.routing.ev,MaxLength,14,0,0,0,2,0,2,0,2,0
GraphHopper Core,com.graphhopper.routing.ev,MaxSpeedEstimated,3,5,0,0,1,1,1,1,1,1
GraphHopper Core,com.graphhopper.routing.ev,UrbanDensity,4,27,0,0,1,3,1,2,1,2
GraphHopper Core,com.graphhopper.routing.ev,Country,9,2994,0,4,3,237,3,9,3,7
GraphHopper Core,com.graphhopper.routing.ev,Orientation,3,11,0,0,1,1,1,1,1,1
GraphHopper Core,com.graphhopper.routing.ev,Hgv,7,65,0,2,3,6,1,4,1,3
GraphHopper Core,com.graphhopper.routing.ev,Roundabout,3,6,0,0,1,1,1,1,1,1
GraphHopper Core,com.graphhopper.routing.ev,RouteNetwork,16,48,2,0,6,4,3,3,2,3
GraphHopper Core,com.graphhopper.routing.ev,Surface,0,195,0,10,0,25,0,9,0,4
GraphHopper Core,com.graphhopper.routing.ev,MaxSlope,3,11,0,0,1,1,1,1,1,1
GraphHopper Core,com.graphhopper.routing.ev,Hazmat,4,21,0,0,1,3,1,2,1,2
GraphHopper Core,com.graphhopper.routing.ev,VehiclePriority,3,13,0,0,1,2,1,2,1,2
GraphHopper Core,com.graphhopper.routing.ev,IntsRefEdgeIntAccess,0,19,0,0,0,6,0,3,0,3
GraphHopper Core,com.graphhopper.routing.ev,BikeNetwork,3,4,0,0,1,1,1,1,1,1
GraphHopper Core,com.graphhopper.routing.ev,BusAccess,3,6,0,0,1,1,1,1,1,1
GraphHopper Core,com.graphhopper.routing.ev,FootTemporalAccess,4,42,0,0,1,4,1,2,1,2
GraphHopper Core,com.graphhopper.routing.ev,Toll,4,33,0,0,1,3,1,2,1,2
GraphHopper Core,com.graphhopper.routing.ev,EncodedValue.InitializerConfig,0,89,0,2,0,16,0,6,0,5
GraphHopper Core,com.graphhopper.routing.ev,ArrayEdgeIntAccess,0,65,0,4,0,12,0,6,0,4
GraphHopper Core,com.graphhopper.routing.ev,ExternalBooleanEncodedValue,2,64,1,5,0,13,1,9,0,7
GraphHopper Core,com.graphhopper.routing.ev,MaxSpeed,3,11,0,0,1,1,1,1,1,1
GraphHopper Core,com.graphhopper.routing.ev,EncodedValueSerializer,22,37,0,0,5,9,1,3,1,3
GraphHopper Core,com.graphhopper.routing.ev,FootNetwork,3,4,0,0,1,1,1,1,1,1
GraphHopper Core,com.graphhopper.routing.ev,RoadAccess,6,92,1,7,2,11,2,7,1,4
GraphHopper Core,com.graphhopper.routing.ev,TurnCost,3,19,0,0,1,3,1,2,1,2
GraphHopper Core,com.graphhopper.routing.ev,TurnRestriction,3,11,0,0,1,2,1,2,1,2
GraphHopper Core,com.graphhopper.routing.ev,MaxWeight,3,11,0,0,1,1,1,1,1,1
GraphHopper Core,com.graphhopper.routing.ev,StringEncodedValue,17,208,1,13,3,43,2,14,1,8
GraphHopper Core,com.graphhopper.routing.ev,State,0,597,0,2,0,90,0,7,0,6
GraphHopper Core,com.graphhopper.routing.ev,Smoothness,4,81,0,2,1,8,1,4,1,3
GraphHopper Core,com.graphhopper.routing.ev,HorseRating,10,0,0,0,2,0,2,0,2,0
GraphHopper Core,com.graphhopper.routing.ev,Footway,69,0,4,0,9,0,6,0,4,0
GraphHopper Core,com.graphhopper.routing.ev,RoadClass,0,159,1,3,0,11,1,5,0,4
GraphHopper Core,com.graphhopper.reader.osm,Triple,0,12,0,0,0,5,0,1,0,1
GraphHopper Core,com.graphhopper.reader.osm,WayToEdgeConverter.NodeResult,0,21,0,0,0,6,0,3,0,3
GraphHopper Core,com.graphhopper.reader.osm,WayToEdgesMap.new Iterator() {...},0,53,0,2,0,5,0,4,0,3
GraphHopper Core,com.graphhopper.reader.osm,OSMReaderUtility,3,109,0,8,1,24,1,6,1,2
GraphHopper Core,com.graphhopper.reader.osm,RestrictionType,0,15,0,0,0,2,0,1,0,1
GraphHopper Core,com.graphhopper.reader.osm,Pair,0,9,0,0,0,4,0,1,0,1
GraphHopper Core,com.graphhopper.reader.osm,RestrictionMembers,0,91,0,4,0,19,0,11,0,9
GraphHopper Core,com.graphhopper.reader.osm,WaySegmentParser.Pass2Handler,64,696,10,74,10,130,10,45,0,13
GraphHopper Core,com.graphhopper.reader.osm,OSMReader,272,1506,58,168,39,308,56,88,1,30
GraphHopper Core,com.graphhopper.reader.osm,SkipOptions,0,28,0,0,0,9,0,5,0,5
GraphHopper Core,com.graphhopper.reader.osm,WaySegmentParser.Pass1Handler,27,160,3,21,4,32,3,15,0,6
GraphHopper Core,com.graphhopper.reader.osm,OSMNodeData,78,594,15,47,13,113,15,44,0,28
GraphHopper Core,com.graphhopper.reader.osm,WaySegmentParser.Builder,0,64,0,0,0,20,0,10,0,10
GraphHopper Core,com.graphhopper.reader.osm,OSMFileHeader,29,5,4,0,8,2,5,1,3,1
GraphHopper Core,com.graphhopper.reader.osm,RestrictionTopology,30,142,7,17,6,23,7,16,0,11
GraphHopper Core,com.graphhopper.reader.osm,PillarInfo,0,139,0,6,0,28,0,12,0,9
GraphHopper Core,com.graphhopper.reader.osm,WayToEdgeConverter.EdgeResult,0,41,0,0,0,10,0,5,0,5
GraphHopper Core,com.graphhopper.reader.osm,OSMInputFile,125,411,22,58,29,105,20,36,1,14
GraphHopper Core,com.graphhopper.reader.osm,WaySegmentParser.ReaderElementHandler,11,29,1,4,4,12,4,6,3,3
GraphHopper Core,com.graphhopper.reader.osm,OSMRestrictionException,0,13,0,0,0,4,0,3,0,3
GraphHopper Core,com.graphhopper.reader.osm,OSMXMLHelper,3,183,5,21,1,47,6,15,1,7
GraphHopper Core,com.graphhopper.reader.osm,RestrictionTagParser,15,190,3,25,3,40,3,23,0,11
GraphHopper Core,com.graphhopper.reader.osm,WayToEdgesMap,6,134,1,13,1,30,1,10,0,4
GraphHopper Core,com.graphhopper.reader.osm,OSMRestrictionConverter,107,749,25,113,17,142,24,64,1,18
GraphHopper Core,com.graphhopper.reader.osm,WayToEdgeConverter,80,567,17,55,12,84,17,35,0,16
GraphHopper Core,com.graphhopper.reader.osm,RestrictionTagParser.Result,0,15,0,0,0,6,0,3,0,3
GraphHopper Core,com.graphhopper.reader.osm,SegmentNode,0,12,0,0,0,5,0,1,0,1
GraphHopper Core,com.graphhopper.reader.osm,WaySegmentParser,29,190,2,4,6,42,9,7,7,6
GraphHopper Core,com.graphhopper.routing.util.parsers,OSMHazmatParser,0,19,0,2,0,6,0,3,0,2
GraphHopper Core,com.graphhopper.routing.util.parsers,RestrictionSetter.InternalRestriction,45,93,3,5,4,15,3,10,1,8
GraphHopper Core,com.graphhopper.routing.util.parsers,RacingBikeAccessParser,0,42,0,0,0,10,0,2,0,2
GraphHopper Core,com.graphhopper.routing.util.parsers,RacingBikePriorityParser,0,192,1,13,0,36,1,9,0,3
GraphHopper Core,com.graphhopper.routing.util.parsers,AbstractAverageSpeedParser,7,45,0,2,2,11,2,5,2,4
GraphHopper Core,com.graphhopper.routing.util.parsers,OSMMaxWeightParser,0,86,2,6,0,14,2,6,0,4
GraphHopper Core,com.graphhopper.routing.util.parsers,MountainBikeAverageSpeedParser,0,124,0,0,0,32,0,2,0,2
GraphHopper Core,com.graphhopper.routing.util.parsers,AbstractAccessParser,20,224,2,20,5,45,5,18,3,9
GraphHopper Core,com.graphhopper.routing.util.parsers,OSMHazmatWaterParser,0,32,0,4,0,8,0,4,0,2
GraphHopper Core,com.graphhopper.routing.util.parsers,RestrictionSetter.Restriction,7,9,0,0,1,4,1,1,1,1
GraphHopper Core,com.graphhopper.routing.util.parsers,OSMGetOffBikeParser,7,165,4,28,0,24,4,14,0,2
GraphHopper Core,com.graphhopper.routing.util.parsers,MaxWeightExceptParser,0,149,6,18,0,28,6,10,0,4
GraphHopper Core,com.graphhopper.routing.util.parsers,BikeNetworkParserHelper,3,31,0,8,1,10,1,5,1,1
GraphHopper Core,com.graphhopper.routing.util.parsers,BikeCommonPriorityParser,0,791,1,106,0,134,1,66,0,11
GraphHopper Core,com.graphhopper.routing.util.parsers,MountainBikeAccessParser,0,27,0,0,0,7,0,2,0,2
GraphHopper Core,com.graphhopper.routing.util.parsers,OSMFootwayParser,19,0,0,0,6,0,2,0,2,0
GraphHopper Core,com.graphhopper.routing.util.parsers,OSMRoadClassParser,0,43,0,8,0,12,0,6,0,2
GraphHopper Core,com.graphhopper.routing.util.parsers,OSMTemporalAccessParser,13,197,7,31,3,43,7,18,0,6
GraphHopper Core,com.graphhopper.routing.util.parsers,OSMHazmatTunnelParser,0,100,1,11,0,21,1,8,0,3
GraphHopper Core,com.graphhopper.routing.util.parsers,OrientationCalculator,0,71,1,1,0,12,1,2,0,2
GraphHopper Core,com.graphhopper.routing.util.parsers,OSMCrossingParser,6,146,7,23,1,28,6,11,0,2
GraphHopper Core,com.graphhopper.routing.util.parsers,OSMRoadEnvironmentParser,0,97,1,21,0,20,1,12,0,2
GraphHopper Core,com.graphhopper.routing.util.parsers,BikeCommonAccessParser,0,616,6,110,0,88,6,57,0,5
GraphHopper Core,com.graphhopper.routing.util.parsers,FootPriorityParser,9,415,2,36,1,71,2,22,0,5
GraphHopper Core,com.graphhopper.routing.util.parsers,CountryParser,0,20,0,0,0,6,0,2,0,2
GraphHopper Core,com.graphhopper.routing.util.parsers,OSMRoundaboutParser,0,30,0,6,0,7,0,5,0,2
GraphHopper Core,com.graphhopper.routing.util.parsers,OSMSurfaceParser,0,25,0,2,0,9,0,3,0,2
GraphHopper Core,com.graphhopper.routing.util.parsers,OSMHikeRatingParser,6,59,3,13,1,14,2,8,0,2
GraphHopper Core,com.graphhopper.routing.util.parsers,OSMMaxHeightParser,0,26,0,0,0,6,0,2,0,2
GraphHopper Core,com.graphhopper.routing.util.parsers,RestrictionSetter,70,996,9,99,9,173,11,65,2,20
GraphHopper Core,com.graphhopper.routing.util.parsers,FootAverageSpeedParser,32,132,7,17,3,25,5,10,0,3
GraphHopper Core,com.graphhopper.routing.util.parsers,OSMSmoothnessParser,0,25,0,2,0,9,0,3,0,2
GraphHopper Core,com.graphhopper.routing.util.parsers,OSMRoadClassLinkParser,0,25,0,4,0,7,0,4,0,2
GraphHopper Core,com.graphhopper.routing.util.parsers,CarAccessParser,2,562,5,81,1,88,5,45,0,7
GraphHopper Core,com.graphhopper.routing.util.parsers,OSMMaxAxleLoadParser,0,15,0,0,0,5,0,2,0,2
GraphHopper Core,com.graphhopper.routing.util.parsers,CarAverageSpeedParser,0,412,1,21,0,76,1,16,0,6
GraphHopper Core,com.graphhopper.routing.util.parsers,ModeAccessParser,65,338,27,41,9,45,18,25,0,9
GraphHopper Core,com.graphhopper.routing.util.parsers,OSMLanesParser,7,46,3,5,3,15,3,3,0,2
GraphHopper Core,com.graphhopper.routing.util.parsers,BikeCommonAverageSpeedParser,16,610,2,48,2,129,2,33,0,10
GraphHopper Core,com.graphhopper.routing.util.parsers,OSMWayIDParser,39,0,2,0,9,0,3,0,2,0
GraphHopper Core,com.graphhopper.routing.util.parsers,OSMTrackTypeParser,0,24,0,2,0,8,0,3,0,2
GraphHopper Core,com.graphhopper.routing.util.parsers,MountainBikePriorityParser,0,152,1,9,0,30,1,7,0,3
GraphHopper Core,com.graphhopper.routing.util.parsers,OSMRoadAccessParser,60,254,5,27,4,37,5,19,0,4
GraphHopper Core,com.graphhopper.routing.util.parsers,OSMMaxWidthParser,0,30,0,0,0,6,0,2,0,2
GraphHopper Core,com.graphhopper.routing.util.parsers,OSMFootNetworkTagParser,2,114,1,15,1,24,1,10,0,3
GraphHopper Core,com.graphhopper.routing.util.parsers,BikePriorityParser,0,42,0,0,0,12,0,2,0,2
GraphHopper Core,com.graphhopper.routing.util.parsers,BikeAverageSpeedParser,0,23,0,0,0,7,0,2,0,2
GraphHopper Core,com.graphhopper.routing.util.parsers,DefaultMaxSpeedParser.new LinkedHashMap() {...},2,15,1,1,0,2,1,2,0,2
GraphHopper Core,com.graphhopper.routing.util.parsers,OSMMaxLengthParser,15,0,0,0,5,0,2,0,2,0
GraphHopper Core,com.graphhopper.routing.util.parsers,OSMMtbRatingParser,0,55,0,12,0,15,0,8,0,2
GraphHopper Core,com.graphhopper.routing.util.parsers,OSMMaxSpeedParser,5,190,1,29,1,45,1,19,0,5
GraphHopper Core,com.graphhopper.routing.util.parsers,DefaultMaxSpeedParser,8,286,6,40,1,52,6,25,0,8
GraphHopper Core,com.graphhopper.routing.util.parsers,OSMTollParser,70,115,21,19,17,28,13,14,0,4
GraphHopper Core,com.graphhopper.routing.util.parsers,FootAccessParser,14,460,10,52,2,88,8,27,0,4
GraphHopper Core,com.graphhopper.routing.util.parsers,OSMHorseRatingParser,65,0,16,0,15,0,10,0,2,0
GraphHopper Core,com.graphhopper.routing.util.parsers,StateParser,20,0,0,0,6,0,2,0,2,0
GraphHopper Core,com.graphhopper.routing.util.parsers,OSMMtbNetworkTagParser,0,88,0,6,0,18,0,7,0,4
GraphHopper Core,com.graphhopper.routing.util.parsers,OSMHgvParser,0,43,0,4,0,8,0,4,0,2
GraphHopper Core,com.graphhopper.routing.util.parsers,BikeAccessParser,0,42,0,0,0,10,0,2,0,2
GraphHopper Core,com.graphhopper.routing.util.parsers,OSMBikeNetworkTagParser,0,88,0,6,0,18,0,7,0,4
GraphHopper Core,com.graphhopper.routing.util.parsers,RacingBikeAverageSpeedParser,0,187,0,0,0,48,0,2,0,2
GraphHopper Core,com.graphhopper.reader.dem,SRTMGL1Provider,122,127,3,9,25,28,5,12,3,8
GraphHopper Core,com.graphhopper.reader.dem,ElevationInterpolator,75,333,6,22,10,57,6,12,0,4
GraphHopper Core,com.graphhopper.reader.dem,SkadiProvider,117,71,1,5,23,15,4,8,3,6
GraphHopper Core,com.graphhopper.reader.dem,EdgeElevationSmoothingMovingAverage,3,306,0,24,1,51,1,14,1,2
GraphHopper Core,com.graphhopper.reader.dem,EdgeElevationInterpolator,0,225,0,16,0,55,0,16,0,8
GraphHopper Core,com.graphhopper.reader.dem,AbstractTiffElevationProvider,143,202,18,12,34,48,14,6,1,4
GraphHopper Core,com.graphhopper.reader.dem,EdgeElevationInterpolator.new BreadthFirstSearch() {...},0,57,0,4,0,11,0,5,0,3
GraphHopper Core,com.graphhopper.reader.dem,TileBasedElevationProvider,39,87,5,5,12,22,7,8,4,6
GraphHopper Core,com.graphhopper.reader.dem,ElevationProvider,0,12,0,0,0,2,0,2,0,2
GraphHopper Core,com.graphhopper.reader.dem,EdgeSampling,2,149,3,13,0,29,3,6,0,1
GraphHopper Core,com.graphhopper.reader.dem,AbstractSRTMElevationProvider,121,341,17,29,31,74,15,18,1,9
GraphHopper Core,com.graphhopper.reader.dem,NodeElevationInterpolator,0,336,1,19,0,62,1,15,0,6
GraphHopper Core,com.graphhopper.reader.dem,CGIARProvider,137,149,10,12,27,28,9,14,2,10
GraphHopper Core,com.graphhopper.reader.dem,EdgeElevationSmoothingRamer,3,181,1,13,1,40,2,8,1,2
GraphHopper Core,com.graphhopper.reader.dem,GMTEDProvider,147,172,6,12,28,35,7,17,2,13
GraphHopper Core,com.graphhopper.reader.dem,MultiSourceElevationProvider,99,39,6,4,21,10,11,5,8,3
GraphHopper Core,com.graphhopper.reader.dem,HeightTile,151,301,16,20,28,49,16,15,4,9
GraphHopper Core,com.graphhopper.reader.dem,SRTMProvider,105,270,2,24,19,55,3,18,1,7
GraphHopper Core,com.graphhopper.reader.dem,ElevationProvider.new ElevationProvider() {...},2,6,0,0,1,3,1,3,1,3
GraphHopper Core,com.graphhopper.reader.dem,HGTProvider,92,0,6,0,17,0,7,0,4,0
GraphHopper Core,com.graphhopper.routing.util,TransportationMode,0,84,0,0,0,7,0,3,0,3
GraphHopper Core,com.graphhopper.routing.util,NameSimilarityEdgeFilter,35,218,6,30,5,49,5,23,1,9
GraphHopper Core,com.graphhopper.routing.util,AreaIndex,0,97,0,4,0,19,0,6,0,4
GraphHopper Core,com.graphhopper.routing.util,MaxSpeedCalculator.RoadTypeImpl,0,17,0,0,0,7,0,5,0,5
GraphHopper Core,com.graphhopper.routing.util,CustomArea,8,64,1,3,1,14,1,6,0,5
GraphHopper Core,com.graphhopper.routing.util,MaxSpeedCalculator,55,322,9,29,13,62,10,24,3,12
GraphHopper Core,com.graphhopper.routing.util,AreaIndex.IndexedCustomArea,0,14,0,0,0,5,0,2,0,2
GraphHopper Core,com.graphhopper.routing.util,WayAccess,10,53,3,5,1,5,3,6,1,4
GraphHopper Core,com.graphhopper.routing.util,EncodingManager.Builder,33,102,5,5,5,24,5,5,0,5
GraphHopper Core,com.graphhopper.routing.util,TraversalMode,0,71,1,13,0,16,1,11,0,5
GraphHopper Core,com.graphhopper.routing.util,HeadingEdgeFilter,0,195,1,21,0,34,1,13,0,3
GraphHopper Core,com.graphhopper.routing.util,OSMParsers,11,179,1,17,3,41,3,20,2,12
GraphHopper Core,com.graphhopper.routing.util,SnapPreventionEdgeFilter,49,93,21,19,7,24,16,6,0,2
GraphHopper Core,com.graphhopper.routing.util,MaxSpeedCalculator.SpeedLimitsJson,0,3,0,0,0,1,0,1,0,1
GraphHopper Core,com.graphhopper.routing.util,FerrySpeedCalculator,0,98,2,14,0,19,2,11,0,5
GraphHopper Core,com.graphhopper.routing.util,AccessFilter,77,53,14,8,12,9,11,9,4,5
GraphHopper Core,com.graphhopper.routing.util,FiniteWeightFilter,8,16,3,1,0,5,2,2,0,2
GraphHopper Core,com.graphhopper.routing.util,MaxSpeedCalculator.RoadTypeFilterImpl,0,24,0,0,0,10,0,7,0,7
GraphHopper Core,com.graphhopper.routing.util,RoadDensityCalculator,220,0,12,0,46,0,14,0,8,0
GraphHopper Core,com.graphhopper.routing.util,NameSimilarityEdgeFilter.new HashMap() {...},0,225,0,2,0,13,0,2,0,1
GraphHopper Core,com.graphhopper.routing.util,EncodingManager,106,330,12,12,20,64,13,34,3,32
GraphHopper Core,com.graphhopper.routing.util,CurvatureCalculator,7,68,3,3,1,12,3,2,0,2
GraphHopper Core,com.graphhopper.routing.util,SlopeCalculator,14,252,9,31,2,42,9,14,0,3
GraphHopper Core,com.graphhopper.routing.util,MaxSpeedCalculator.new EdgeIntAccess() {...},6,50,1,1,1,7,1,3,0,3
GraphHopper Core,com.graphhopper.routing.util,PriorityCode,4,172,2,6,0,30,2,10,0,8
GraphHopper Core,com.graphhopper.routing.util,DefaultSnapFilter,0,32,0,6,0,6,0,5,0,2
GraphHopper Core,com.graphhopper.routing.util,UrbanDensityCalculator,239,0,28,0,39,0,23,0,9,0
GraphHopper Core,com.graphhopper.routing.util,EdgeFilter,0,5,0,0,0,1,0,2,0,2
